Bldg #,Leased,Building Name,Building Address,Bldg Type*,GSF*
B0001,False,Lawrence Hall,1190 Franklin Blvd.,E&G,"154,536"
B0002,False,Chiles (Earle A.) Business Center,925 E. 13th,E&G,"14,294"
B0003,False,Anstett Hall,965 E. 13th,E&G,"19,784"
B0004,False,Condon Hall,1321 Kincaid,E&G,"42,325"
B0005,False,University Hall,1201 Old Campus Lane,E&G,"26,616"
B0006,False,Chapman Hall,990 E. 13th,E&G,"23,416"
B0007,False,Lorry I. Lokey Education Building (A & B),1580 Kincaid; 1571 Alder,E&G,"35,125"
B0008,False,Prince Lucien Campbell Hall,1415 Kincaid,E&G,"107,093"
B0009,False,Friendly Hall,1161 E. 13th,E&G,"40,892"
B0010,False,HEDCO Education Bldg,1655 Alder,E&G,"118,967"
B0011,False,Gerlinger Hall,1468 University,E&G,"66,368"
B0014,False,University Health Services,1590 E. 13th Avenue,AUXS,"77,192"
B0015,False,Volcanology,1255 E. 13th,E&G,"19,687"
B0016,False,Johnson Hall,1098 E. 13th,E&G,"33,804"
B0017,False,Allen (Eric W.) Hall,1020 University,E&G,"59,202"
B0018,False,Knight Library,1501 Kincaid,E&G,"398,815"
B0019,False,Fenton Hall,1021 E. 13th,E&G,"27,978"
B0020,False,McArthur Court,1601 University,E&G,"139,883"
B0021,False,Autzen Stadium Main Concourse,2755 Leo Harris Parkway,AUXA,"111,344"
B0021A,False,Autzen Stadium East End Zone/Terrace,2780 Martin Luther King Jr. Blvd.,AUXA,"23,353"
B0021B,False,Autzen Stadium West End Zone,2700 Martin Luther King Jr. Blvd.,AUXA,"14,981"
B0021C,False,Autzen Stadium South Suite Bldg,2755 Leo Harris Parkway,AUXA,"111,786"
B0021D,False,Autzen Stadium North Suite Bldg,2750 Martin Luther King Jr. Blvd.,AUXA,"25,544"
B0022,False,Peterson Hall,935 E. 13th,E&G,"19,221"
B0023,False,Esslinger (Arthur A.) Hall,1525 University,E&G,"33,913"
B0024,False,Schnitzer (Jordan) Museum of Art,1430 Johnson Lane,E&G,"69,547"
B0025,False,Frohnmayer (Marabel B.) Music Building,961 E. 18th,E&G,"112,381"
B0026,False,Wilkinson House,1291 Franklin,E&G,"4,561"
B0027,False,Casanova (Len) Athletic Center,2727 Leo Harris Parkway,AUXA,"112,969"
B0028A,False,Cascade Annex West,1254 Franklin,E&G,"5,017"
B0028B,False,Cascade Annex East,1264 Franklin,E&G,"4,955"
B0029,False,Clinical Services Bldg,901 E. 18th,E&G,"45,949"
B0030,False,McKenzie Hall,1101 Kincaid,E&G,"85,347"
B0031,False,Villard Hall,1109 Old Campus Lane,E&G,"31,173"
B0031A,False,James F. Miller Theatre Complex,1109 Old Campus Lane,E&G,"38,185"
B0032,False,Central Power Station,1155 Franklin,E&G,"57,884"
B0033,False,Erb Memorial Union,1395 University,AUXS,"246,193"
B0034,False,Lillis Hall,955 E. 13th,E&G,"143,085"
B0035,False,Pacific Hall,1025 University,E&G,"126,267"
B0036,False,Columbia Hall,1215 E. 13th,E&G,"28,878"
B0037,False,Onyx Br/Env Health,1318 Franklin,E&G,"61,058"
B0038,False,Klamath Hall,1370 Franklin,E&G,"127,972"
B0038A,False,Allan Price Science Commons & Rsch Library,1344 Franklin,E&G,"43,895"
B0039,False,Computing Center,1225 Kincaid,E&G,"22,746"
B0040,False,Huestis Hall,1425 E. 13th,E&G,"70,204"
B0040A,False,Lorry I Lokey Laboratories,1443 E. 13th,E&G,"26,006"
B0041,False,Lorry I. Lokey Education Building (C),877 E. 16th,E&G,"21,099"
B0042,False,Oregon Hall,1585 E. 13th,E&G,"80,922"
B0043,False,1900 Millrace Drive,1900 Millrace Drive,E&G,"4,437"
B0044,False,Deschutes Hall,1477 E. 13th,E&G,"31,368"
B0045,False,Streisinger (George) Hall,1390 Franklin,E&G,"53,900"
B0046,False,Willamette Hall,1371 E. 13th,E&G,"134,784"
B0047,False,Cascade Hall,1275 E. 13th,E&G,"50,771"
B0048,False,Education Annex,922 E. 16th,E&G,"1,375"
B0049,False,Museum of Natural & Cultural History,1680 E. 15th,E&G,"20,138"
B0050,False,Knight (Wllm. W.) Law Center,1515 Agate,E&G,"147,453"
B0051,False,Student Recreation Center,1320 E. 15th,AUXS,"287,721"
B0052,False,Outdoor Program Barn,1225 E. 18th,AUXS,"6,286"
B0062,False,Gerlinger Annex,1484 University,E&G,"56,243"
B0064,False,Living-Learning Center South,1455 E. 15th,AUXH,"48,748"
B0065,False,Living-Learning Center North,1475 E. 15th,AUXH,"73,589"
B0066,False,Ford Alumni Center,1720 E. 13th,E&G,"69,306"
B0067,False,Jaqua (John. E) Academic Ctr for Student Athletes,1615 E. 13th,AUXA,"44,431"
B0068,False,Bean (Robert Sharp) Hall Complex,1695 E. 15th,AUXH,"165,182"
B0070,False,Lewis (Robert & Beverly) Integrative Science Bldg,1440 Franklin,E&G,"113,621"
B0071,False,Hendricks Hall,1408 University,E&G,"28,568"
B0072,False,Straub (John) Memorial Hall,1451 Onyx,E&G,"102,931"
B0073,False,Earl (Virgil D.) Hall Complex,1323 E. 15th (core),AUXH,"85,733"
B0074,False,Matthew Knight Arena,1776 E. 13th,AUXA,"418,442"
B0075,False,Susan Campbell Hall,1431 Johnson Lane,E&G,"21,308"
B0076,False,Carson (Luella Clay) Hall,1320 Beech,AUXH,"96,099"
B0077,False,Walton (Joshua J.) Hall Complex South,1595 E. 15th,AUXH,"81,007"
B0078,False,Walton (Joshua J.) Hall Complex North,1595 E. 15th,AUXH,"80,447"
B0079,False,Barnhart (H.P.) Hall,1000 Patterson,AUXH,"125,277"
B0080,False,McMorran House,2315 McMorran Dr,E&G,"9,879"
B0081,False,Collier House,1170 E. 13th,E&G,"7,868"
B0082,False,UO Annex,876 E. 12th,E&G,"5,946"
B0083,False,Tree Tops,2237 Spring,E&G,"11,546"
B0084,False,Hamilton (Judge A. W.) Hall Complex West,1365 Agate,AUXH,"111,530"
B0085,False,Hamilton (Judge A. W.) Hall Complex East,1365 Agate,AUXH,"113,035"
B0086,False,Riley (Pat) Hall,650 E. 11th,AUXH,"42,719"
B0087A,False,LERC,1675 Agate,E&G,"3,779"
B0087B,False,Military Science,1679 Agate,E&G,"4,682"
B0087C,False,Military Science Annex,1679 Agate,E&G,"2,779"
B0089,False,UO Annex/Annex,814 E. 12th,E&G,"1,018"
B0090,False,Rainier Building,1244 Walnut,E&G,"11,720"
B0091,False,13th Avenue Garage,1355 Columbia Street,AUXP,"132,210"
B0092,False,Berwick Hall,975 E 18th Ave,E&G,"10,494"
B0095,False,Millrace 1,1333 Franklin,E&G,"8,971"
B0096,False,Millrace 2,1335 Franklin,E&G,"3,573"
B0097,False,Millrace 3,1301 Franklin,E&G,"15,472"
B0098,False,Millrace Woodshop,1403 Franklin,E&G,"7,610"
B0099,False,Urban Farm Greenhouse,1409 Franklin,E&G,321
B0101,False,Zebrafish Internat'l Resource Ctr,1307 Franklin,E&G,"12,332"
B0103,False,Tykeson Hall,1030 E 13th Ave,E&G,"60,389"
B0107,False,MNCH Archaeological Rsch Lab,1323 Franklin,E&G,"1,507"
B0108,False,Quonset 108,1313 Franklin,E&G,"1,248"
B0109,False,Greenhouse Preparation,1387 Franklin,E&G,"1,074"
B0110,False,Old Greenhouse,1385 Franklin,E&G,"3,077"
B0111,False,Research Greenhouse,1389 Franklin,E&G,"3,096"
B0112,False,Paleoecology Research,1329 Franklin,E&G,"2,122"
B0115,False,MNCH Prep Lab,1311 Franklin,E&G,"2,417"
B0116,False,Archaeology Research,1325 Franklin,E&G,"1,120"
B0121,False,Fac Srvcs Lockshop,1309 Franklin,E&G,969
B0125A,False,Fine Arts Studios Sculpture,1383 Franklin,E&G,"5,422"
B0125B,False,Fine Arts Studios Ceramics,1383 Franklin,E&G,"9,810"
B0125C,False,Fine Arts Studios Metalsmith/Jewelry,1383 Franklin,E&G,"8,461"
B0125D,False,Fine Arts Studios Kiln,1383 Franklin,E&G,"2,632"
B0125F,False,Fine Arts Studios Foundry,1383 Franklin,E&G,"1,400"
B0128,False,Fac Srvcs Exterior Storage Quonset 1,1213 Franklin,E&G,997
B0129,False,Fac Srvcs Paint Quonset,1209 Franklin,E&G,"1,232"
B0130,False,CPFM Warehouse/Shops,1205 Franklin,E&G,"35,720"
B0131,False,Fac Srvcs Miscellaneous Quonset,1207 Franklin,E&G,"4,888"
B0132,False,Fac Srvcs Storage Quonset,1211 Franklin,E&G,"1,167"
B0133,False,Fac Srvcs Electrical Storage Quonset,1215 Franklin,E&G,"1,168"
B0134,False,Fac Srvcs Recycling Quonset,1299 Franklin,E&G,"8,474"
B0135,False,Fac Srvcs Exterior Storage Quonset 2,1297 Franklin,E&G,"1,084"
B0136,False,CPFM Administration,1295 Franklin,E&G,"8,619"
B0137,False,CPS Chiller Plant,1149 Franklin,E&G,"15,488"
B0138,False,Outdoor Tennis Courts Facility,1421 E. 18th,AUXS,299
B0139,False,Student Tennis Center,1635 University,AUXS,"42,743"
B0145,False,East Campus Graduate Village West,1455 Moss,AUXH,"20,166"
B0146,False,East Campus Graduate Village East,1420 Villard,AUXH,"20,192"
B0147,False,Agate Hall,1787 Agate,E&G,"42,851"
B0148,False,Agate House,1795 Agate,E&G,"3,134"
B0149,False,CPS Switch House,1155 Franklin,E&G,"1,609"
B0150,False,Central Kitchen,1793 Columbia,AUXH,"24,038"
B0151,False,HSG - Agate Apts 1450 E 18th,1450 E. 18th,AUXH,"3,946"
B0152,False,HSG - Agate Apts 1460 E 18th,1460 E. 18th,AUXH,"3,013"
B0153,False,HSG - Agate Apts 1480 E 18th,1480 E. 18th,AUXH,"3,318"
B0154,False,HSG - Agate Apts 1470 E 18th,1470 E. 18th,AUXH,"3,342"
B0155,False,HSG - Agate Apts Laundry,1470 E. 18th,AUXH,216
B0156,True,Cell Tower Utility,1433 E 18th,LEA,288
B0158,False,Global Scholars Hall,1710 E. 15th (loading dock 1590 Moss),AUXH,"186,852"
B0159,False,Kalapuya Ilihi Hall,1751 E 17th,AUXH,"136,653"
B0160,False,HSG - 1743-1745 Moon Lee Ln,"1743, 1745 Moon Lee Lane",AUXH,"1,494"
B0161,False,HSG - 1777-1779 Moon Lee Ln,"1777, 1779 Moon Lee Lane",AUXH,"1,521"
B0162,False,HSG - 1760 Vill 1761 Moon,"1760 Villard, 1761 Moon Lee Lane",AUXH,"1,865"
B0163,False,HSG - Moon Court Laundry,1783 Moon Lee Lane,AUXH,87
B0164,False,Olum (Vivian) Child Dev Ctr Annex,1650 Columbia,E&G,"1,761"
B0165,False,Olum (Vivian) Child Dev Ctr,1650 Columbia,E&G,"9,676"
B0167,False,Many Nations Longhouse,1630 Columbia,AUXS,"3,077"
B0168,False,Moss Street Children's Center,1685 Moss,AUXS,"17,502"
B0180,False,Fac Srvcs Romania Warehouse,2020 Franklin,E&G,"55,573"
B0186L,True,Transportation Services,1401 Walnut Street,E&G,"3,753"
B0187L,True,UO Police Department East Station,2141 E. 15th,E&G,"3,985"
B0188L,True,UOPD East Station Annex A,2191 E. 15th,E&G,"7,983"
B0189L,True,UOPD East Station Annex B,2141 E. 15th,E&G,"5,875"
B0190,False,EC CARES Modular Classrooms,104 N. Van Buren,OFF,"2,643"
B0191,False,EC CARES Modular Westmoreland,1717 City View,OFF,"2,514"
B0192L,True,UOPD Storage,2141 E. 15th,LEA,247
B0193L,True,UOPD Bike Barn,2141 E. 15th,E&G,953
B0194L,True,West University Police Substation,791 E 13th Ave,LEA,"1,344"
B0200L,False,Alder Building,818 E. 15th,E&G,"13,227"
B0207,False,"DeNorval Unthank, Jr. Hall ",1451 Agate Street,AUXH,"207,992"
B0214,False,Dexter Boathouse,"850 Shore Line Drive, Lowell, OR 97454",AUXS,"1,300"
B0215,False,1691 Columbia Alley,1691 Columbia Alley,E&G,"1,510"
B0220,False,Autzen Stadium Events Bldg,2775 Leo Harris Parkway,AUXA,"4,610"
B0221,False,Autzen Stadium TV Production Bldg,2765 Leo Harris Parkway,AUXA,368
B0222,False,Autzen Stadium Operations Bldg,2785 Leo Harris Parkway,AUXA,"5,544"
B0223,False,Autzen Stadium North Ticket Bldg,2760 Martin Luther King Jr. Blvd.,AUXA,"2,338"
B0224,False,Autzen Stadium South Ticket Bldg,2745 Leo Harris Parkway,AUXA,"4,069"
B0227,False,P.K. Park,2825 Leo Harris Parkway,AUXA,"48,005"
B0228,False,Hatfield-Dowlin Complex,2500 Martin Luther King Jr. Blvd.,AUXA,"172,000"
B0229,False,Randy & Susie Pape' Complex (Soccer/Lacrosse Bldg),2845 Leo Harris Parkway,AUXA,"14,037"
B0230,False,Tom Sargent Player Development Area,2825 Leo Harris Parkway,AUXA,"8,572"
B0265,False,Moshofsky (Ed) Sports Center,2735 Leo Harris Parkway,AUXA,"135,301"
B0266,False,Sanders (Jane) Stadium Team Player Development,1677 University Street,AUXA,"19,279"
B0267,False,Sanders (Jane) Stadium Visiting Team,1677 University Street,AUXA,741
B0268,False,Sanders (Jane) Stadium Press Box,1677 University Street,AUXA,753
B0269,False,Sanders (Jane) Stadium Public Facilities,1677 University Street,AUXA,"1,290"
B0270,False,Sanders (Jane) Stadium Concessions and Bleachers,1677 University St.,AUXA,"4,185"
B0280,False,Hayward Field Stadium,"1530 Agate Street, Eugene OR. 97403",AUXA,"165,818"
B0300,False,Temp Surge Trailer E,1195 Franklin Blvd.,E&G,"1,440"
B0402,False,Knight Campus Building,1505 Franklin Blvd. Eugene,E&G,"169,493"
B0450,False,Millrace Drive Garage,1625 Millrace Dr,AUXP,"196,455"
B0503,False,HSG - 1528 Villard + shed,1528 Villard,AUXH,"1,068"
B0509,False,HSG - 1741 Moss,1741 Moss,AUXH,"1,733"
B0511,False,HSG - 1727 Columbia + det. storage,1727 Columbia,AUXH,"2,141"
B0515,False,HSG - 1572 Villard,1572 Villard,AUXH,"2,283"
B0516,False,HSG - 1848 Villard,1848 Villard,AUXH,"1,578"
B0517,False,Fac Srvcs Mower Storage,1658 Columbia Alley,E&G,937
B0521,False,OMBUDS Program,1685 E. 17th,E&G,916
B0524,False,HSG - 1798 Columbia,1798 Columbia,AUXH,997
B0525,False,HSG - 1736 A/B Moss,"1736 A, B Moss",AUXH,"1,764"
B0529,False,HSG - 1838 Moss,1838 Moss,AUXH,"1,762"
B0530,False,HSG - 1802 Moss (inactive),1802 Moss,AUXH,"2,516"
B0531,False,HSG - 1857 E 17th,1857 E. 17th,AUXH,"3,259"
B0532,False,HSG - 1823 E 15th + detached garage,1823 E. 15th,AUXH,"1,540"
B0534,False,Green HSE - MNCH Storage,1533 Moss,E&G,"2,083"
B0536,False,Oregon Law Clinic Building,1695 E. 17th,E&G,"2,886"
B0539,False,HSG - 1542 Villard,1542 Villard,AUXH,"2,137"
B0542,False,HSG - 1560 Villard,1560 Villard,AUXH,"3,318"
B0544,False,HSG - 1678 Villard + detached garage,1678 Villard,AUXH,"3,709"
B0547,False,Ore St Mus Anthropology,1724 Moss,E&G,"1,833"
B0548,False,HSG - 1602 Villard,1602 Villard,AUXH,"2,087"
B0549,False,HSG - 1734 Villard,1734 Villard,AUXH,"3,029"
B0551,False,HSG - 1630 Villard,1630 Villard,AUXH,"1,879"
B0553,False,HSG - 1728 Columbia,1728 Columbia,AUXH,"2,261"
B0554,False,HSG - 1491 Moss,1491 Moss,AUXH,"1,319"
B0556,False,HSG - 1598 Villard + garage,1598 Villard,AUXH,"1,575"
B0557,False,HSG - 1822 Moss + two det. garages,1822 Moss,AUXH,"3,739"
B0559,False,HSG - 1787 Moss,1787 Moss,AUXH,"1,450"
B0560,False,HSG - 1804 Columbia + det. garage,1804 Columbia,AUXH,"2,347"
B0561,False,1801 Moss,1801 Moss,E&G,967
B0562A,False,1739A Moss Alley,1739 Moss Alley,E&G,888
B0562B,False,HSG - 1739B Moss Alley,1739 Moss Alley,AUXH,888
B0563,False,HSG - 1498 Villard,1498 Villard,AUXH,"1,300"
B0565,False,HSG - 1823 Moss,1823 Moss,AUXH,"1,882"
B0568,False,1479 Moss,1479 Moss,E&G,"3,558"
B0569,False,HSG - 1786 Columbia,1786 Columbia,AUXH,"1,213"
B0571,False,HSG - 1618 Villard,1618 Villard,AUXH,"1,230"
B0572,False,Black Cultural Center,"1870 E. 15th, Eugene",AUXS,"2,643"
B0573,False,HSG - 1790 Moss + detached garage,1790 Moss,AUXH,"2,374"
B0574,False,HSG - 1470 Villard,1470 Villard,AUXH,"1,040"
B0575,False,HSG - 1480 Villard + att. garage,1480 Villard,AUXH,"2,230"
B0576,False,HSG - 1584 Villard,1584 Villard,AUXH,"1,837"
B0577,False,HSG - 1800 Villard,1800 Villard,AUXH,"1,900"
B0578,False,HSG - 1858 E 17th (inactive),1858 E. 17th,AUXH,"1,138"
B0583,False,HSG - 1838 Villard,1838 Villard,AUXH,"1,692"
B0586,False,HSG - 1744 E 17th,1744 E. 17th,AUXH,981
B0587,False,HSG - 1510 Villard,1510 Villard,AUXH,"1,163"
B0588,False,HSG - 1795 Moss,1795 Moss,AUXH,"1,248"
B0589,False,HSG - 1848 Moss,1848 Moss,AUXH,"3,179"
B0590,False,HSG - 1758 E 17th,1758 E. 17th,AUXH,532
B0591,False,HSG - 1764 E 17th,1764 E. 17th,AUXH,556
B0593,False,Fac Srvcs Exterior Team,1670 Columbia,E&G,"3,311"
B0594,False,HSG - 1617 Moss,1617 Moss,AUXH,869
B0596,False,HSG - 1844 Moon Lee Ln + detached garage,1844 Moon Lee Lane,AUXH,"1,036"
B0598,False,HSG - 1737 Columbia,1737 Columbia,AUXH,"1,565"
B0601,False,HSG - 1660 E 17th,1660 E. 17th,AUXH,"1,850"
B0604,False,HSG - 1692-1694 Villard,1692-1694 Villard,AUXH,"3,577"
B0607,False,Moss Hse - MNCH Research,1511 Moss,E&G,"4,992"
B0608,False,Brown Hse - MNCH Storage,1513 Moss,E&G,"1,224"
B0609,False,HSG - 1778 Villard + det'd garage Inactive,1778 Villard,AUXH,"1,595"
B0610,False,HSG - 1709 Moss + attached garage,1709 Moss,AUXH,"1,586"
B0611,False,HSG - 1704-1706 E 17th + shed,"1704, 1706 E. 17th",AUXH,"1,905"
B0613,False,HART Center,1859 E. 15th,E&G,"3,229"
B0614,False,HSG - 1830 E 17th + attached garage (inactive),1830 E. 17th,E&G,"3,316"
B0616,False,Fac Srvcs Recycle Storage,1495 Villard Alley,E&G,"1,710"
B0617,False,HSG - 1746 Villard,1746 Villard,AUXH,"1,107"
B0618,False,HSG - 1708 Villard,1708 Villard,AUXH,986
B0619,False,1629 Moss - NILI,1629 Moss,E&G,"2,226"
B0620,False,HSG - 1841 E 15TH + attached garage,1841 E. 15th,AUXH,"3,402"
B0623,False,HSG - 1763 Moss,1763 Moss,AUXH,"1,230"
B0624,False,HSG - 1792 Moon Lee Ln,1792 Moon Lee Lane,AUXH,787
B0625,False,HSG - 1735 Moon Lee Ln,1735 Moon Lee Lane,AUXH,467
B0627,False,HSG - 1748 Columbia,1748 Columbia,AUXH,"2,967"
B0630,False,HSG - 1800 Columbia,1800 Columbia,AUXH,"1,834"
B0632,False,HSG - 1873 E 15th,1873 E. 15th,AUXH,"2,358"
B0651,False,Spencer View Family Housing,2250 Patterson,AUXH,"7,192"
B0652,False,Spencer View Family Housing,2250 Patterson,AUXH,"10,650"
B0653,False,Spencer View Family Housing,2250 Patterson,AUXH,"10,650"
B0654,False,Spencer View Family Housing,2250 Patterson,AUXH,"10,650"
B0655,False,Spencer View Family Housing,2250 Patterson,AUXH,"7,845"
B0656,False,Spencer View Family Housing,2250 Patterson,AUXH,"7,845"
B0657,False,Spencer View Family Housing,2250 Patterson,AUXH,"7,080"
B0658,False,Spencer View Family Housing,2250 Patterson,AUXH,"7,192"
B0659,False,Spencer View Family Housing,2250 Patterson,AUXH,"7,367"
B0660,False,Spencer View Family Housing,2250 Patterson,AUXH,"7,192"
B0661,False,Spencer View Family Housing,2250 Patterson,AUXH,"7,192"
B0662,False,Spencer View Family Housing,2250 Patterson,AUXH,"7,367"
B0663,False,Spencer View Family Housing,2250 Patterson,AUXH,"7,367"
B0664,False,Spencer View Family Housing,2250 Patterson,AUXH,"7,192"
B0665,False,Spencer View Family Housing,2250 Patterson,AUXH,"7,367"
B0666,False,Spencer View Fam Hsg Commons,2250 Patterson,AUXH,"18,079"
B0667,False,Spencer View Family Housing,2250 Patterson,AUXH,"7,699"
B0668,False,Spencer View Family Housing,2250 Patterson,AUXH,"7,670"
B0669,False,Spencer View Family Housing,2250 Patterson,AUXH,"7,816"
B0670,False,Spencer View Family Housing,2250 Patterson,AUXH,"7,699"
B0671,False,Spencer View Family Housing,2250 Patterson,AUXH,"11,286"
B0672,False,Spencer View Family Housing,2250 Patterson,AUXH,"6,502"
B0673,False,Spencer View Family Housing,2250 Patterson,AUXH,"7,524"
B0674,False,Spencer View Family Housing,2250 Patterson,AUXH,"7,524"
B0675,False,Spencer View Family Housing,2250 Patterson,AUXH,"7,558"
B0676,False,Spencer View Family Housing,2250 Patterson,AUXH,"7,699"
B0677,False,Spencer View Family Housing,2250 Patterson,AUXH,"7,524"
B0678,False,Spencer View Family Housing,2250 Patterson,AUXH,"7,699"
B0679,False,Spencer View Family Housing,2250 Patterson,AUXH,"7,524"
B0680,False,Spencer View Family Housing,2250 Patterson,AUXH,"7,524"
B0681,False,Spencer View Family Housing,2250 Patterson,AUXH,"7,524"
B0682,False,Spencer View Family Housing,2250 Patterson,AUXH,"7,699"
B0683,False,Spencer View Family Housing,2250 Patterson,AUXH,"7,699"
B0700,False,Fleet Services Building,3233 Franklin,OFF,"7,752"
B0702,False,Baker Downtown Ctr,975 High; 318/328 E Broadway,E&G,"87,378"
B0705L,True,Thompson's University Center,720 E. 13th,LEA,"33,449"
B0707L,True,KWAX,75 Centennial Loop,LEA,"3,954"
B0721L,True,PeaceHealth North Building,677 E. 12th,LEA,"31,260"
B0726L,True,1715 Franklin,1715 Franklin Blvd.,E&G,"43,657"
B0727L,True,Atrium Building Eugene,99 W. 10th,LEA,"3,756"
B0730,False,942 Olive,"942 Olive Street, Eugene, OR 97401",E&G,"12,800"
B0732,False,EC Cares Building,"1500 W 12th Ave, Eugene OR 97402",OFF,"27,763"
B0733,False,510 Oak St,510 Oak St.,E&G,"14,388"
B0750L,True,1600 Millrace Dr,1600 Millrace Drive,E&G,"61,376"
B0801,False,Pine Mtn Observ 24-inch,"56100 Pine Mountain Rd., Bend, OR 97701",E&G,742
B0802,False,Pine Mtn Residence Hall,"56100 Pine Mountain Rd., Bend, OR 97701",E&G,"1,040"
B0804,False,Pine Mtn Observ 15-inch,"56100 Pine Mountain Rd., Bend, OR 97701",E&G,321
B0805,False,Pine Mtn Shop,"56100 Pine Mountain Rd., Bend, OR 97701",E&G,126
B0806,False,Pine Mtn Observ 32-inch,"56100 Pine Mountain Rd., Bend, OR 97701",E&G,528
B0807,False,Pine Mtn Operations Center,"56100 Pine Mountain Rd., Bend, OR 97701",E&G,"1,464"
B0814L,True,White Stag Block,"70 NW Couch St., Portland OR 97209",LEA,"147,251"
B0815,False,Shire Dugout,"28852 State HWY 14, Washougal WA, 98671",OFF,663
B0817,False,Cottrell (George) House,"1060 SW Skyline, Ptld, OR 97221-1544",OFF,"7,089"
B0818,False,Watzek (Aubrey) House,"1061 SW Skyline Blvd, Ptld 97221-1544",OFF,"12,069"
B0821L,True,Burnside Bridge Retail,"5 NW 1st Avenue, Portland 97209",LEA,"2,119"
B0822L,True,38 NW Davis,"38 NW Davis St., Portland OR 97209",LEA,"22,637"
B0875L,True,EC CARES - West Lane Program,"2325 Oak Street, Florence OR 97439",LEA,"1,785"
B0883L,True,EC CARES - Fern Ridge MS Rm 19,"88831 Territorial Rd., Elmira, OR 97437",LEA,653
B0885L,True,EC Cares - South Lane SD Harrison Rm 270,1000 South 10th Street Cottage Grove Lane OR 97424,LEA,"1,144"
B0886L,True,EC Cares - Bob Keefer Center Classroom,"250 South 32nd St, Springfield, OR 97478",LEA,880
B0888L,True,EC Cares - Oakridge SD #76 Westfir,"46433 Westfir Rd, Westfir, OR 97492",LEA,500
B0890L,True,Vision Plaza,404 SW Columbia St Bend,LEA,794
B0891L,True,1199 South A Warehouse,1199 South A St,LEA,"10,000"
B0902,False,OIMB Terwilliger Research Bldg,"64812 Plankton Dr., Coos Bay, 97420",E&G,"11,595"
B0903,False,OIMB Rippey (Loyd and Dorothy) Library,"64818 Plankton Dr., Coos Bay, 97420",E&G,"6,385"
B0911,False,OIMB Maintenance Garage,"64832 Larva Ln., Coos Bay, OR. 97420",E&G,484
B0913,False,OIMB Graduate Student Residence,"64832 Larva Ln., Coos Bay, 97420",E&G,"1,392"
B0915,False,OIMB Recreation Hall,"64824 Benthos Dr., Coos Bay, 97420",E&G,"1,120"
B0918,False,OIMB Vehicle Storage,"64824 Benthos Dr., Coos Bay, 97420",E&G,561
B0921,False,OIMB Administration,"64818 Plankton Dr., Coos Bay, 97420",E&G,"1,440"
B0922,False,OIMB Auditorium/Boathouse,"63627 Boat Basin Rd., Coos Bay, 97420",E&G,"4,877"
B0924,False,OIMB Tyler (Alice) Lab/Aquarium,"64814 Plankton Dr., Coos Bay, 97420",E&G,"2,201"
B0927,False,OIMB Beach House,"63629 Boat Basin Road, Coos Bay, OR. 97420",E&G,945
B0929,False,OIMB Research Lab/Support,"64819 Plankton Dr., Coos Bay, 97420",E&G,"4,848"
B0930,False,OIMB Holding,"64825 Benthos Dr., Coos Bay, 97420",E&G,"1,476"
B0931,False,OIMB Gate House,"63625 Boat Basin Rd., Coos Bay, 97420",E&G,727
B0932,False,OIMB Cottage 1,"64827 Larva Lane, Coos Bay, 97420",E&G,"1,154"
B0933,False,OIMB Cottage 2,"64829 Larva Ln., Coos Bay, 97420",E&G,954
B0934,False,OIMB Cottage 3,"64831 Larva Ln., Coos Bay, 97420",E&G,954
B0935,False,OIMB Cottage 4,"64833 Larva Ln., Coos Bay, 97420",E&G,954
B0936,False,OIMB North Classroom/Dorm,"64823 Benthos Dr., Coos Bay, 97420",E&G,"5,472"
B0937,False,OIMB Dining Hall/Dorm,"64820 Benthos Dr., Coos Bay, 97420",E&G,"9,200"
B0938,False,OIMB Shop/Apartment,"64824 Benthos Dr., Coos Bay, 97420",E&G,"2,608"
B0939,False,OIMB Utility Lab,"64825 Benthos Dr., Coos Bay, 97420",E&G,"2,176"
B0940,False,OIMB Dock House,"63531 Boat Basin Dr, Charleston, 97420",OFF,717
B0941,False,OIMB South Classroom/Dorm,"64821 Plankton Dr., Coos Bay, 97420",E&G,"5,053"
B0942,False,OIMB Visiting Scientist Residence Bldg,"64822 Benthos Drive, Coos Bay, OR. 97420",E&G,"3,449"
B0943,False,OIMB Seafoam House + detached garage,"90311 Seafoam Ave., Coos Bay, OR. 97420",E&G,"1,570"
B0944,False,OIMB Seafoam Cottage,"90328 Seafoam Ave., Coos Bay, OR 97420",E&G,"1,200"
B0945,False,OIMB Seafoam Apartment,"90328 Seafoam Ave, Coos Bay, 97420",E&G,400
B0946,False,OIMB Seafoam Main Garage,"90311 Seafoam Ave., Coos Bay, OR. 97420",E&G,"1,500"
B0947,False,OIMB Seafoam Utility Shop,"90328 Seafoam Ave., Coos Bay, OR. 97420",E&G,"1,100"
B0948,False,OIMB Charleston Marine Life Center,"63531 Boat Basin Dr., Coos Bay, 97420",E&G,"6,349"
B0949,False,OIMB Research Lab 2,"64816 Plankton Dr., Coos Bay, 97420",E&G,"1,800"
B0950,False,OIMB Seawater Pump Station,"63629 Boat Basin Rd., Coos Bay, 97420",OFF,192
B0999G,False,Gifted Warehouse Storage JSMA,"700 International Way, Springfield 97477",LEA,"1,801"
B0BLANL,True,KWAX Transmitter Bldg Blanton Hts,"4545 Blanton Road, Eugene 97405",LEA,204
B0FLOL,True,KWAX Transmitter Building Florence,"Glenada Hill, Florence 97439",LEA,4
B0GRIZL,True,KWAX Grizzly Mtn Transmitter Bldg/Tower,"13700 N. Grizzly Mt. Rd., Prineville 97754",LEA,6
B0KWAXL,True,KWAX Transmitter Building Bend,"Awbrey Butte, Bend 97701",LEA,4
B0KWVAL,True,KWVA Transmitter Building Eugene,"650 Goodpasture Island Rd., Eug 97401",LEA,4
B0NPRTL,True,KWAX Newport Transmitter Bldg & Tower,"Steenson Road, Newport 97365",LEA,5
B0OPBCL,True,KWAX Transmitter Mtn Corvallis,"Vinyard Mtn. 03-11S-SW W. M., Corvallis, OR 97330",LEA,4
B0RSBGL,True,KWAX Roseburg Transmitter Bldg & Tower,"900 Hutchins Drive, Roseburg 97471",LEA,4
B0SLML,True,KWAX Transmitter Building Salem,"7011 Skyline Rd., Salem 97306",LEA,4
